{"edges_lat":[-10.0,-11.666666666666666,-13.333333333333334,-15.0,-16.666666666666668,-18.333333333333332,-20.0,-21.666666666666668,-23.333333333333332,-25.0,-26.666666666666668,-28.333333333333332,-30.0,-31.666666666666668,-33.333333333333336,-35.0],"weather":[[0.0,0.00038252295137708263,0.006120367222033322,0.04424515470928256,0.15543182590955457,0.32080924855491333,0.3078034682080925,0.15721693301598094,0.04284257055423325,0.007012920775246515,0.00012750765045902755,0.0,0.0,0.0,0.0],[0.0,0.00012750765045902755,0.009563073784427067,0.06579394763685821,0.22938626317579053,0.4744559673580415,0.4759860591635498,0.23958687521251276,0.06209622577354641,0.010200612036722203,0.0005100306018361102,0.0,0.0,0.0,0.0],[0.0002550153009180551,0.0010200612036722204,0.012623257395443729,0.08594015640938456,0.3143063583815029,0.6194321659299558,0.6162444746684801,0.3093335600136008,0.0837725263515811,0.011093165589935396,0.00038252295137708263,0.0,0.0,0.0,0.0],[0.0,0.001402584155049303,0.014408364501870111,0.0990734444066644,0.3616116967018021,0.7123852431145868,0.698996939816389,0.3639068344100646,0.0999659979598776,0.011985719143148589,0.0005100306018361102,0.0,0.0,0.0,0.0],[0.00012750765045902755,0.0006375382522951377,0.017213532811968718,0.09881842910574634,0.39922645358721526,0.7442621557293437,0.75,0.3947636858211493,0.10289867392043522,0.01338830329819789,0.0011475688541312478,0.0,0.0,0.0,0.0],[0.0,0.0010200612036722204,0.01402584155049303,0.10289867392043522,0.36607446446786807,0.7261560693641619,0.7224583475008501,0.3632692961577695,0.10162359741584495,0.013898333900034003,0.0005100306018361102,0.0,0.0,0.0,0.0],[0.00012750765045902755,0.0010200612036722204,0.012750765045902755,0.08632267936076166,0.30270316218973137,0.597755865351921,0.5973733424005441,0.319406664399864,0.08670520231213873,0.012368242094525672,0.0015300918055083305,0.0,0.0,0.0,0.0],[0.0,0.0007650459027541653,0.009180550833049982,0.07000170010200611,0.23869432165929955,0.4531621897313839,0.46170520231213874,0.24532471948316897,0.05788847330839851,0.008798027881672901,0.0008925535532131928,0.0,0.0,0.0,0.0],[0.0,0.00012750765045902755,0.005355321319279157,0.04462767766065964,0.16894763685821151,0.3023206392383543,0.3097160829649779,0.15568684121047263,0.040929955797347845,0.005737844270656239,0.0005100306018361102,0.0,0.0,0.0,0.0],[0.0,0.00012750765045902755,0.005227813668820129,0.026649098945936756,0.0948656919415165,0.18259095545732745,0.18692621557293437,0.09716082964977898,0.025246514790887457,0.0022951377082624956,0.0,0.0,0.0,0.0,0.0],[0.00012750765045902755,0.0,0.0017851071064263857,0.014408364501870111,0.05329819789187351,0.11144168650119007,0.10621387283236995,0.05329819789187351,0.01657599455967358,0.002167630057803468,0.0,0.0,0.0,0.0,0.0],[0.0,0.0,0.0008925535532131928,0.0075229513770826255,0.030219313158789528,0.052788167290037394,0.04743284597075825,0.028179190751445087,0.007140428425705543,0.002040122407344441,0.00012750765045902755,0.0,0.0,0.0,0.0],[0.0,0.0,0.0005100306018361102,0.003060183611016661,0.010455627337640258,0.024863991839510373,0.02167630057803468,0.011985719143148589,0.002422645358721523,0.0005100306018361102,0.0,0.0,0.0,0.0,0.0],[0.0,0.0,0.00012750765045902755,0.001402584155049303,0.004972798367902074,0.009053043182590955,0.009945596735804148,0.0051003060183611015,0.001402584155049303,0.0,0.0,0.0,0.0,0.0,0.0],[0.0,0.0,0.0,0.00012750765045902755,0.002040122407344441,0.0035702142128527714,0.002167630057803468,0.001402584155049303,0.0002550153009180551,0.00012750765045902755,0.0,0.0,0.0,0.0,0.0]],"edges_lon":[130.0,130.66666666666666,131.33333333333334,132.0,132.66666666666666,133.33333333333334,134.0,134.66666666666666,135.33333333333334,136.0,136.66666666666666,137.33333333333334,138.0,138.66666666666666,139.33333333333334,140.0]}