{"edges_lat":[-10.0,-10.533333333333333,-11.066666666666666,-11.6,-12.133333333333333,-12.666666666666666,-13.2,-13.733333333333333,-14.266666666666667,-14.8,-15.333333333333334,-15.866666666666667,-16.4,-16.933333333333334,-17.466666666666665,-18.0],"weather":[[0.3170955882352941,0.45772058823529416,0.5204503676470589,0.5997242647058824,0.6493566176470589,0.6217830882352942,0.5473345588235294,0.4397977941176471,0.3784466911764706,0.2743566176470588,0.19715073529411764,0.12339154411764705,0.08547794117647059,0.039292279411764705,0.015854779411764705],[0.3798253676470589,0.48115808823529416,0.5769761029411764,0.6417738970588236,0.6576286764705882,0.7003676470588236,0.6045496323529411,0.5245863970588236,0.4039522058823529,0.2867647058823529,0.21645220588235292,0.14269301470588236,0.08340992647058823,0.04825367647058823,0.016544117647058824],[0.38947610294117646,0.4990808823529411,0.5818014705882353,0.6734834558823529,0.703125,0.6996783088235294,0.6431525735294118,0.5500919117647058,0.44806985294117646,0.34880514705882354,0.20473345588235292,0.140625,0.08065257352941177,0.03860294117647059,0.018612132352941176],[0.36603860294117646,0.5335477941176471,0.5831801470588236,0.7348345588235294,0.7155330882352942,0.6962316176470589,0.6348805147058824,0.5880055147058824,0.4528952205882353,0.3350183823529412,0.2116268382352941,0.14545036764705882,0.08065257352941177,0.05238970588235294,0.024126838235294115],[0.37706801470588236,0.5149356617647058,0.6224724264705882,0.6907169117647058,0.75,0.7424172794117647,0.6431525735294118,0.5459558823529411,0.4625459558823529,0.3108915441176471,0.22748161764705882,0.1399356617647059,0.09512867647058823,0.049632352941176475,0.029641544117647058],[0.3915441176470589,0.5032169117647058,0.5535386029411764,0.6369485294117647,0.69140625,0.6948529411764706,0.6128216911764706,0.5431985294117647,0.3832720588235294,0.30813419117647056,0.2116268382352941,0.1399356617647059,0.08478860294117647,0.03998161764705882,0.018612132352941176],[0.35363051470588236,0.46875,0.5659466911764706,0.6162683823529411,0.6410845588235294,0.6390165441176471,0.5859375,0.4852941176470589,0.4170496323529411,0.27780330882352944,0.19301470588235292,0.13304227941176472,0.07651654411764705,0.04894301470588236,0.024126838235294115],[0.2888327205882353,0.4053308823529411,0.5149356617647058,0.5521599264705882,0.5569852941176471,0.57421875,0.5128676470588236,0.43290441176470584,0.35431985294117646,0.26746323529411764,0.1764705882352941,0.11305147058823528,0.06755514705882353,0.03377757352941176,0.01999080882352941],[0.2971047794117647,0.3812040441176471,0.4377297794117647,0.4935661764705882,0.5149356617647058,0.4735753676470589,0.4873621323529411,0.39568014705882354,0.3039981617647059,0.21989889705882354,0.1530330882352941,0.09995404411764705,0.06204044117647059,0.03377757352941176,0.01516544117647059],[0.21920955882352944,0.3095128676470588,0.3929227941176471,0.39912683823529416,0.44600183823529416,0.44462316176470584,0.40119485294117646,0.3446691176470588,0.28125,0.20266544117647056,0.13373161764705882,0.08754595588235295,0.047564338235294115,0.027573529411764705,0.011029411764705881],[0.20955882352941177,0.2874540441176471,0.33708639705882354,0.35431985294117646,0.38396139705882354,0.3812040441176471,0.3288143382352941,0.3053768382352941,0.2233455882352941,0.1764705882352941,0.10960477941176472,0.07100183823529412,0.044117647058823525,0.025505514705882353,0.01171875],[0.17095588235294118,0.2267922794117647,0.26608455882352944,0.31847426470588236,0.29090073529411764,0.3039981617647059,0.26677389705882354,0.2336856617647059,0.17715992647058823,0.14820772058823528,0.09719669117647059,0.06824448529411764,0.03170955882352941,0.02274816176470588,0.008961397058823529],[0.13786764705882354,0.15716911764705882,0.22954963235294118,0.23713235294117646,0.22610294117647056,0.24885110294117646,0.2033547794117647,0.19784007352941177,0.15096507352941177,0.09719669117647059,0.07169117647058823,0.049632352941176475,0.03170955882352941,0.0234375,0.004136029411764706],[0.08340992647058823,0.12752757352941177,0.17853860294117646,0.1868106617647059,0.19301470588235292,0.20542279411764708,0.16130514705882354,0.15854779411764705,0.11925551470588235,0.07858455882352941,0.05238970588235294,0.039292279411764705,0.028952205882352942,0.012408088235294119,0.006204044117647059],[0.07238051470588236,0.09857536764705882,0.12683823529411764,0.14545036764705882,0.13579963235294118,0.1371783088235294,0.13579963235294118,0.10891544117647059,0.08203125,0.06548713235294118,0.03998161764705882,0.028952205882352942,0.017233455882352942,0.008961397058823529,0.006204044117647059]],"edges_lon":[130.0,130.33333333333334,130.66666666666666,131.0,131.33333333333334,131.66666666666666,132.0,132.33333333333334,132.66666666666666,133.0,133.33333333333334,133.66666666666666,134.0,134.33333333333334,134.66666666666666,135.0]}