{"edges_lat":[-10.0,-11.666666666666666,-13.333333333333334,-15.0,-16.666666666666668,-18.333333333333332,-20.0,-21.666666666666668,-23.333333333333332,-25.0,-26.666666666666668,-28.333333333333332,-30.0,-31.666666666666668,-33.333333333333336,-35.0],"weather":[[0.0,0.0,0.0,0.00012518778167250875,0.0006259389083625437,0.005883825738607912,0.041061592388582875,0.15773660490736105,0.30070105157736604,0.31897846770155236,0.16036554832248373,0.04444166249374061,0.006384576865297947,0.00037556334501752625,0.0],[0.0,0.0,0.0,0.0,0.00037556334501752625,0.008637956935403104,0.06397095643465198,0.23597896845267902,0.4455433149724587,0.44692038057085626,0.23760640961442162,0.06372058087130696,0.007886830245368051,0.000500751126690035,0.0],[0.0,0.0,0.0,0.0,0.0008763144717075612,0.010640961442163244,0.08074611917876816,0.3115923885828743,0.5963945918878317,0.5962694041061593,0.3097145718577867,0.08450175262894341,0.012643965948923386,0.0008763144717075612,0.00012518778167250875],[0.0,0.0,0.0,0.0,0.00100150225338007,0.01214321482223335,0.10165247871807712,0.35728592889334,0.6966700050075112,0.6972959439158738,0.35928893340010015,0.09689534301452178,0.013395092638958437,0.001126690035052579,0.0],[0.0,0.0,0.0,0.0,0.001502253380070105,0.016524787180771158,0.10891337005508261,0.3864546820230345,0.75,0.7443665498247372,0.3945918878317476,0.10027541311967952,0.015773660490736103,0.00037556334501752625,0.0],[0.0,0.0,0.0,0.0,0.0012518778167250875,0.012643965948923386,0.09526790185277917,0.36467200801201805,0.7001752628943415,0.6876564847270906,0.3703054581872809,0.10240360540811216,0.01414621932899349,0.00100150225338007,0.0],[0.0,0.0,0.0,0.0,0.001126690035052579,0.012518778167250876,0.0757386079118678,0.3169754631947922,0.5987731597396094,0.5847521281922885,0.29794692038057086,0.08137205808713069,0.011767651477215825,0.001126690035052579,0.0],[0.0,0.0,0.0,0.0,0.0002503755633450175,0.008637956935403104,0.06171757636454682,0.23923385077616421,0.44541812719078616,0.4382824236354531,0.23510265398097147,0.06522283425137707,0.009389083625438157,0.0006259389083625437,0.0],[0.0,0.0,0.0,0.0,0.00012518778167250875,0.00600901352028042,0.04181271907861792,0.16036554832248373,0.314471707561342,0.30533299949924886,0.16274411617426138,0.04181271907861792,0.005758637956935403,0.000500751126690035,0.0],[0.0,0.0,0.0,0.0,0.00037556334501752625,0.0036304456685027544,0.024536805207811714,0.09639459188783174,0.17501251877816726,0.1914121181772659,0.10090135202804207,0.02416124186279419,0.003505257886830245,0.0002503755633450175,0.0],[0.0,0.0,0.0,0.0,0.0,0.002628943415122684,0.015648472709063596,0.05633450175262894,0.10077616424636957,0.10828743114672007,0.051827741612418626,0.013144717075613419,0.002754131196795193,0.0,0.0],[0.0,0.0,0.0,0.0,0.0002503755633450175,0.0002503755633450175,0.007636454682023034,0.02541311967951928,0.046444667000500754,0.05445668502754131,0.025913870806209313,0.0068853279919879815,0.00100150225338007,0.0,0.0],[0.0,0.0,0.0,0.0,0.0,0.000500751126690035,0.003505257886830245,0.011016524787180772,0.020781171757636455,0.018527791687531298,0.01014021031547321,0.00200300450676014,0.000500751126690035,0.00012518778167250875,0.0],[0.0,0.0,0.0,0.0,0.0,0.0,0.001627441161742614,0.005132699048572859,0.009889834752128193,0.008387581372058087,0.0038808212318477715,0.0012518778167250875,0.00012518778167250875,0.0,0.0],[0.0,0.0,0.0,0.0,0.0,0.0,0.00037556334501752625,0.001627441161742614,0.002754131196795193,0.003380070105157737,0.00100150225338007,0.0002503755633450175,0.00012518778167250875,0.0,0.0]],"edges_lon":[130.0,130.66666666666666,131.33333333333334,132.0,132.66666666666666,133.33333333333334,134.0,134.66666666666666,135.33333333333334,136.0,136.66666666666666,137.33333333333334,138.0,138.66666666666666,139.33333333333334,140.0]}